LOCATIONS,LISTS,C.LISTS,M.LISTS,HOURS,PEOPLE,STATES,DISTRICTS,SPECIES,OBSERVATIONS
362747,1954724,1682731,114368,1803095.3166666667,30564,36,635,1352,33.399171
